{
    "id": "covered-token-rescue-hud",
    "title": "Covered Token Rescue HUD",
    "description": "On hovering a token with tokens under it, shows images of tokens to allow you to select them",
    "author": "Xaukael",
    "authors": [{"name":"Xaukael"}],
    "version": "1.0.3",
    "compatibility": {
        "minimum": "10",
        "verified": "10"
      },
    "scripts": ["covered-token-rescue-hud.js"],
    "url": "https://github.com/xaukael/covered-token-rescue-hud/",
    "manifest": "https://github.com/xaukael/covered-token-rescue-hud/raw/main/module.json",
    "download": "https://github.com/xaukael/covered-token-rescue-hud/raw/main/covered-token-rescue-hud.zip"
}